Unique ID,Brief description of event,State,District,Type of Event,Date,Number of Participants,Uploaded Geotag Photo,Uploaded Video Clip,Zoo_Name
96,"Documentation of Waste Management Garden. Various kind of waste materials like old tyres, old mineral water bottles, old glass bottles, old pvc pipes, old jeans pant, old cycle rim, old plastic chair, old umbrella etc were used for garden creation.",Odisha (OD),Khordha,Action & Awareness,06-05-2023,6,Best from Waste,Waste Management Garden,Nandankanan ZP
154,Creation of new benches and sit out for visitors.,Odisha (OD),Khordha,Awareness,07-05-2023,20,Eco friendly wooden sit outs,Eco friendly wooden sit outs,Nandankanan ZP
808,"one plastic regulation centre is there in front of entry gate, where one can deposit an amount of Rs. 50/- ( refundable) amount per bottle, get a non- tearable sticker pasted on each bottle, which after returning bottle, the visitors can take the refundable amount.",Odisha (OD),Khordha,Awareness,09-05-2023,10,Plastic Regulation Centre,Plastic Regulation Centre at Nandankanan,Nandankanan ZP
3557,"A Bambusetum is created which is under progress where one can see more than 50 species of Bamboos. Bamboo produce more oxygen and absorbs more carbon dioxide than trees, which means that each and every bamboo shoot is doing its part to combat climate change.",Odisha (OD),Khordha,Awareness,10-05-2023,5,Bambusetum,Bambusetum- A Garden of Paradise,Nandankanan ZP
8069,An awareness programme was conducted with staff and employees of Nandankanan to aware about Life programme,Odisha (OD),Khordha,Action & Awareness,11-05-2023,30,Awareness programme on Mission Life,Awareness program on Life,Nandankanan ZP
23317,An awareness programme was conducted at Nandankanan to aware about the best out of waste.,Odisha (OD),Khordha,Action & Awareness,12-05-2023,25,Best out of Waste,Best out of Waste Materials,Nandankanan ZP
10679,"The following programs were initiated on 7-5-2023
1. Healthy lifestyles Adopted â€“ (Creature Features) on topic Avoid purchasing products made from skin, tuskers and fur of Wild Animals.
2. Healthy lifestyles Adopted â€“ Topic on Biodiversity Conservation along with a Butterfly Trail.",Andhra Pradesh (AP),Vishakhapatnam,Awareness,07-05-2023,100,Healthy lifestyles Adopted,Healthy lifestyles Adopted,Indira Gandhi ZP
22280,"Event: Pledge and Rally
The Zoo staff members, pledged to adopt Life movement in their day -today- life, stating on Life mission pledge to make any possible changes in our daily lifestyle to protect the environment.",Andhra Pradesh (AP),Vishakhapatnam,Action & Awareness,12-05-2023,120,Pledge and Rally,Pledge and Rally video,Indira Gandhi ZP
137,An interactive education session was conducted for visitors of all age groups. Few ways as to how we could alter our lifestyle for environment was explained to visitors and a game on waste segregation was conducted so that visitors could get hands on experience and all participants took the pledge,Karnataka (KA),Bangalore Rural,Awareness,07-05-2023,350,"Awareness, game and pledge on LiFE",,Bannerghatta BP
654,79 visitors availed free entry to butterfly park as part of the Lifestyle for Environment campaign to promote more people to use public transport,Karnataka (KA),Bangalore Rural,Awareness,08-05-2023,79,Free entry for public transport users,,Bannerghatta BP
11360,"Awareness session by Range Forest Officers on Lifestyle for Environment for staff, to contribute towards the LiFE goals and to spread the message with visitors",Karnataka (KA),Bangalore Rural,Awareness,11-05-2023,30,Awareness session for staff,,Bannerghatta BP
24268,Plastic drive and planting of butterfly host plant by volunteer. Awareness session conducted in association with Pollution Board staff for zoo visitors and staff,Karnataka (KA),Bangalore Rural,Action & Awareness,12-05-2023,55,,,Bannerghatta BP
87,Arignar Anna Zoological Park organised an educational session on 75 sustainable lifestyle practices under #missionlife#proplanetpeople programme. Zoo ambassador & their family members took part in this event and took a pledge to practice environmentally friendly habits#lifestyleforenvironment,Tamil Nadu (TN),Chennai,Action & Awareness,05-05-2023,170,Awareness and action session on mission life,mission life,Arignar Anna ZP
257,AAZP in coordination with Agurchand Manmull Jain College. Meenambakkam- Rotary club conducted a mass- cleanliness drive in the Park. 250 students participated in the event. At end of the event they also felicitated 50 senior animal keepers of the zoo.,Tamil Nadu (TN),Chennai,Action & Awareness,06-05-2023,250,cleanliness drive,Awareness by students,Arignar Anna ZP
6010,cleaniliness drive and pledge by zoo staff,Uttarakhand (UK),Nainital,Action & Awareness,10-05-2023,32,Cleanliness Activity,Oath,Pt. Gobind Pant HAZ
30990,Awareness program for school children. Pledge taken by school children and teachers,Uttarakhand (UK),Nainital,Awareness,13-05-2023,24,Awareness,Pledge,Pt. Gobind Pant HAZ
31044,Awareness program for school children. Pledge taken by school children and teachers,Uttarakhand (UK),Nainital,Awareness,13-05-2023,26,Awareness,Pledge,Pt. Gobind Pant HAZ
8507,Lifestyle for Environment event highlighting sustainable practices and environmental awareness.,Gujarat (GJ),Vadodara,Awareness,09-05-2023,30,Event Pictures,,Sayaji Baug Zoo
88178,"The zoo actively promotes water conservation by replacing traditional garden hose pipes with sprinklers and foggers in the aviary section. This initiative aims to reduce water consumption and promote sustainable practices, ensuring a more efficient and responsible use of this precious resource.",Gujarat (GJ),Vadodara,Action & Awareness,15-05-2023,20,Event Pictures,,Sayaji Baug Zoo
300,awareness campaign on how to save energy in the zoo premises. Visitors were guided about the importance of energy in life and ways to save energy were discussed.,Punjab (PB),Ludhiana,Action & Awareness,07-05-2023,30,Awareness Campaign at the zoo,Awareness Campaign at the zoo,Ludhiana Zoo
303,Awareness Campaign On How To Save Energy In The Zoo Premises. Visitors Were Guided About The Importance Of Energy In Life And Ways To Save Energy Were Discussed.,Punjab (PB),Ludhiana,Action & Awareness,08-05-2023,21,Awareness Campaign at the zoo,Awareness Campaign at the zoo,Ludhiana Zoo
833,Awareness campaign at nearby school about ban on single use plastic,Punjab (PB),Ludhiana,Action & Awareness,09-05-2023,49,Awareness Campaign at the school,Awareness Campaign at the school,Ludhiana Zoo
10784,Plastic Cleanup Campaign inside Kanjli Wetland and in nearby school.,Punjab (PB),Kapurthala,Action & Awareness,10-05-2023,50,Plastic Cleanup Campaign in nearby school.,Plastic Cleanup Campaign in nearby school.,Ludhiana Zoo
21353,Awareness camp at nearby school.,Punjab (PB),Kapurthala,Action & Awareness,11-05-2023,45,Awareness Camp at the school,Awareness Camp at the school,Ludhiana Zoo
21452,Cleaning of wetland in association with children of nearby schools.,Punjab (PB),Kapurthala,Action & Awareness,12-05-2023,40,Cleaning of Wetland,Cleaning of Wetland,Ludhiana Zoo
27677,Back to basics: Promoting a healthy lifestyle by conducting activities that requires only nature & creativity. Participants were a group of moms & kids who enthusiastically completed the tasks given. They were asked to make structures out of sand and seashells. The pictures speak for themselves!,Tamil Nadu (TN),Chennai,Action & Awareness,11-05-2023,27,Moms & kids letting their creativity run free!,,MCBT
28326,Contest Alert! Croc Bank has a mission for all the young herpetologists this summer. Participants between ages 6 to 14 have to make their favourite reptile and get featured on our social media pages. The submission deadline is 24th May.,Tamil Nadu (TN),Chennai,Action & Awareness,11-05-2023,,Contest Poster,,MCBT
10680,Universal College and ITI of Patran town from District Patiala visited Chhatbir Zoo for the special event on Lifestyle for the environment.,Punjab (PB),Ajitgarh (Mohali),Action & Awareness,04-05-2023,110,Cleanliness drive and awareness campaign,,Mahendra Chaudhary ZP
10708,RFO trainees who visited Chhatbir zoo on 05.04.2023 were engaged for a special session on mission LIFE.,Punjab (PB),Ajitgarh (Mohali),Awareness,05-05-2023,50,Awareness session on mission LIFE,,Mahendra Chaudhary ZP
10763,A class of 1st year BVSc. from RAMPURA PHOOL. A special session on mission LIFE was conducted by the zoo vets.,Punjab (PB),Ajitgarh (Mohali),Awareness,11-05-2023,75,Mission LIFE awareness for VETS,,Mahendra Chaudhary ZP
34966,Awareness campaign done with Rural area school from Mansa with 100 students. World migratory birds day along with mission LIFE,Punjab (PB),Ajitgarh (Mohali),Action & Awareness,13-05-2023,100,Awareness session,Having pledge,Mahendra Chaudhary ZP
35093,"As part of Life Mission Program, today the program was conducted on theme Reduce Single Use Plastic - Visitors Awareness Session.",Andhra Pradesh (AP),Vishakhapatnam,Action & Awareness,13-05-2023,70,Reduce Single Use Plastic,,Indira Gandhi ZP
35207,Healthy lifestyles Adopted – on topic Biodiversity Conservation along with a Butterfly Trail,Andhra Pradesh (AP),Vishakhapatnam,Action & Awareness,13-05-2023,50,1. Healthy lifestyles Adopted,,Indira Gandhi ZP
2494,"Under 'Mission Life', information was given to the students, workers and tourists in the premises of the Lucknow Zoo and information about the bad effects of plastic on the environment and wildlife was given by the Education Officer of the Lucknow Zoo, Mrs. Neena Kumar in the Education center.",Uttar Pradesh (UP),Lucknow,Awareness,09-05-2023,175,Awareness Programme on my life,,Nawab Wajid Ali Shah ZG
3551,"Today, the tourists coming to Lucknow Zoo on save water under Mission Life were informed and made aware by Education Officer Mrs. Neena Kumar.",Uttar Pradesh (UP),Lucknow,Awareness,10-05-2023,55,Awareness Programme on my life,,Nawab Wajid Ali Shah ZG
11560,"Today, in the awareness program of Mission LiFE, it was told that every person has responsibility towards the environment. We should fulfill it.",Uttar Pradesh (UP),Lucknow,Awareness,11-05-2023,125,Awareness program,Awareness program,Nawab Wajid Ali Shah ZG
11562,"Today, in the awareness program of Mission LiFE, it was told that every person has responsibility towards the environment. We should fulfill it.",Uttar Pradesh (UP),Lucknow,Awareness,11-05-2023,125,Awareness program,Awareness program,Nawab Wajid Ali Shah ZG
22702,"In order to draw attention to the increasing rate of Air Pollution in the environment and to bring awareness about our lifestyle, a program was organized today at Saraswati Kanya Inter College, Lucknow.",Uttar Pradesh (UP),Lucknow,Awareness,12-05-2023,117,Awareness Programme on mission life,,Nawab Wajid Ali Shah ZG
22717,"To inform the messages of mission life, today a program was organized at Amacus Academy . The students were given information about mission life.",Uttar Pradesh (UP),Lucknow,Awareness,12-05-2023,170,Awareness Programme on mission life,,Nawab Wajid Ali Shah ZG
34019,???? ???? ?? ??????? ?????? 13.05.2023 ?? ?????? 6.45-7.45 ?? ???? ????? ??? ??? ?????? ?????? ??? ???? ????????? ??? ??????? ???? ????????? ????? ???,Uttar Pradesh (UP),Lucknow,Awareness,13-05-2023,45,Awareness Programme on mission life,Awareness Programme on mission life,Nawab Wajid Ali Shah ZG
34050,"Today, a meeting was held on Mission LiFE under the chairmanship of Director Mr. V.K.Mishra. In the meeting, a resolution was taken to organize educational programs in the Lucknow Zoo through awareness programs and to spread the message of Mission Life to the masses.",Uttar Pradesh (UP),Lucknow,Awareness,13-05-2023,25,Awareness Programme on mission life,Awareness Programme on mission life,Nawab Wajid Ali Shah ZG
36156,Students made paper bags out of old newspapers. About 350 bags were made. The idea of repurposing old papers to make paper bags that can be used instead of plastic bags was taught to students.,Karnataka (KA),Mysore,Action & Awareness,08-05-2023,65,Making of Paper Bags,Making of Paper Bags video,"Sri Chamarajendra Zoological Gardens, Mysuru"
36354,BEST OUT OF WASTE- Students were taught to use waste natural materials to prepare animal images and they were taught about their importance in our ecosystem and how to protect them by changing our lifestyle.,Karnataka (KA),Mysore,Action & Awareness,09-05-2023,60,BEST OUT OF WASTE,,"Sri Chamarajendra Zoological Gardens, Mysuru"
36494,Adopt Healthy Lifestyle actions - Preparation of Seed Balls,Karnataka (KA),Mysore,Action & Awareness,11-05-2023,60,Preparation of Seed Balls,Seed Balls Preparation,"Sri Chamarajendra Zoological Gardens, Mysuru"
36685,"Awareness session on sustainable lifestyle practices to contribute for sustainable environment. 
LiFE mission. # Pro Planet Program.",Karnataka (KA),Mysore,Awareness,12-05-2023,63,Meri LiFE Awareness Session,Meri LiFE Awareness Session,"Sri Chamarajendra Zoological Gardens, Mysuru"
35336,As a part of Mission LiFE campaign Zoo Biologist Dr. Abhishek Satam explained the concept of Mission Life to all the animal keepers at Veermata Jijabai Bhosle Botanical Udyan and Zoo following which everyone pledged their support and participation towards this mission.,Maharashtra (MH),Mumbai City,Action & Awareness,13-05-2023,20,The Keepers at Zoo taken pledged of mission LiFE,The Keepers at Zoo taken pledged of mission LiFE,VJBB Udyan & Zoo
40582,"Today we conducted part 1 of the 'Nurtured by Nature Kids Workshop'
It was indeed a fun learning experience for kids making natural colours using different fruits and vegetables and using them to create some lovely paintings! Followed by game web of Life.",Maharashtra (MH),Mumbai City,Action & Awareness,14-05-2023,40,Part 1 of the 'Nurtured by Nature Kids Workshop'.,Part 1 of the 'Nurtured by Nature Kids Workshop'.,VJBB Udyan & Zoo
39238,Mission LiFE awareness videos are being played on TV from 9 AM to 5 PM. The interaction centre is a place where people spend more time so showing the videos here will get their attention.,Tamil Nadu (TN),Chennai,Awareness,09-05-2023,100,Visitors watching Mission LiFE videos on TV,,MCBT
39280,"The pros of using cloth bags were discussed with the participants of the ""Be A Zookeeper"" program. Participants were given cloth bags to use instead of plastic bags. They were encouraged to stop using single use plastics that are harmful to the environment.",Tamil Nadu (TN),Chennai,Action & Awareness,14-05-2023,19,Back to totes!,,MCBT
41181,Healthy Life Style Adopted - Treasure Hunt – Theme: Flora and Fauna,Andhra Pradesh (AP),Vishakhapatnam,Action & Awareness,14-05-2023,100,,,Indira Gandhi ZP
41256,Plantation Drive,Andhra Pradesh (AP),Vishakhapatnam,Action & Awareness,14-05-2023,100,1. Healthy lifestyles Adopted,Healthy lifestyles Adopted,Indira Gandhi ZP
41294,Healthy lifestyles Adopted – on topic Biodiversity Conservation along with a Butterfly Trail,Andhra Pradesh (AP),Vishakhapatnam,Action & Awareness,14-05-2023,120,1. Healthy lifestyles Adopted,,Indira Gandhi ZP
41295,Healthy lifestyles Adopted – on topic Biodiversity Conservation along with a Butterfly Trail,Andhra Pradesh (AP),Vishakhapatnam,Action & Awareness,14-05-2023,120,1. Healthy lifestyles Adopted,,Indira Gandhi ZP
41313,Reduce Single Use Plastic - Visitors Awareness Session,Andhra Pradesh (AP),Vishakhapatnam,Action & Awareness,14-05-2023,298,Reduce Single Use Plastic,,Indira Gandhi ZP
41333,Life Style for Environment – Pledge and Rally,Andhra Pradesh (AP),Vishakhapatnam,Action & Awareness,14-05-2023,500,Pledge and Rally,,Indira Gandhi ZP
41362,Healthy Life Style Adopted - Let’s Ride –Bicycle Ride,Andhra Pradesh (AP),Vishakhapatnam,Action & Awareness,14-05-2023,298,1. Healthy lifestyles Adopted,,Indira Gandhi ZP
41391,Healthy Life Style Adopted - Battery Operated Vehicle - Use of Eco-friendly mode of transport,Andhra Pradesh (AP),Vishakhapatnam,Action & Awareness,14-05-2023,500,Healthy lifestyles Adopted,,Indira Gandhi ZP
60,"NZP in collaboration with NMNH kick-start the Mass Mobilisation for Mission LiFE on Waste Reduced (Swachhata Actions) to bring behavioral changes among the masses, in which a PPT on waste management, demonstration and interactive session. The participants also pledged to adopt the LiFE Actions.",Delhi (DL),South Delhi,Action & Awareness,05-05-2023,75,Activity and Demonstration,Lecture Cum Demonstration,National ZP
1761,"School and Veterinary college students joined LiFE Movement at NZP in collaboration with NMNH on second day of Mass awareness campaign. The NZP organized the activities like Bicycle rally, LiFE pledge, video presentation on LiFE and signature campaign to create awareness among 210 participants.",Delhi (DL),South Delhi,Action & Awareness,06-05-2023,210,Activity and Demonstration,Bicycle rally,National ZP
11253,"For the Day 3 of Mass Awareness Campaign of Mission LiFE NZP in collaboration with NMNH, 283 participants involved in tree hugging, enumeration, administration of LiFE Style for Environment Pledge and screening of short videos on Mission Life.",Delhi (DL),South Delhi,Action & Awareness,07-05-2023,283,Activity and Demonstration,Lecture Cum Demonstration,National ZP
11262,"247 visitors were made acquainted about the LiFE movement on day 4 of the mass mobilisation of MISSION LIFE, organised by NZP in partnership with NMNH. This exposure encouraged them to develop imaginative paintings, all pledged to live a more sustainable LiFE",Delhi (DL),South Delhi,Action & Awareness,08-05-2023,247,Activity and Demonstration,Lecture Cum Demonstration,National ZP
11267,NZP in collaboration with NMNH nudging individuals to lead environment-friendly lifestyles via Mass Awareness Campaign under Mission LiFE. 261 visitors pledged to practice simple sustainable LiFE actions in their daily lives also shown the excitement of making bird feeders,Delhi (DL),South Delhi,Action & Awareness,09-05-2023,261,Activity and Demonstration,Lecture Cum Demonstration,National ZP
11284,The mass mobilization's Day 6 focused on the concept of waste segregation at the NZP in association with NMNH India. Videos from Mission-LiFE were used to illustrate the same.,Delhi (DL),South Delhi,Action & Awareness,10-05-2023,125,Activity and Demonstration,Lecture Cum Demonstration,National ZP
34690,"Day 7 of Mass mobilisation, NZP have successfully achieved a major milestone in Mission-LiFE initiative and took over a built-up cabin truck from IOCL. This marks the start of a pollution-free environment for NZP and its surroundings.",Delhi (DL),South Delhi,Action & Awareness,11-05-2023,125,Activity and Demonstration,Lecture Cum Demonstration,National ZP
34866,"To summarize the Day 8 of Mission LiFE mass mobilization effort at NZP, in partnership with NMNH, 202 students took part in identifying plants. This was followed by viewing videos on sustainability and making a commitment towards leading a sustainable lifestyle.",Delhi (DL),South Delhi,Action & Awareness,12-05-2023,202,Activity and Demonstration,Lecture Cum Demonstration,National ZP
34907,"Day 8 of Mass mobilisation of Mission LiFE at NZP in collaboration with NMNH, forest trainees and school students joined and introduced about the LiFE movement & working of Zoo. Students were engaged in bird count activity to mark the World Migratory Bird Day.",Delhi (DL),South Delhi,Action & Awareness,13-05-2023,245,Activity and Demonstration,Lecture Cum Demonstration,National ZP
40489,"Day 10 of the Mass awareness campaign for Mission LiFE at NZP, where 192 students participated in LiFE movement and capture the beautiful scenery of NZP, followed by a pledge to adopt sustainable lifestyle.",Delhi (DL),South Delhi,Action & Awareness,14-05-2023,192,Activity and Demonstration,,National ZP
40974,Students from Banaras Hindu University visited Nainital zoo & were thoroughly briefed on the concepts of Mission life via implementing sustainable living in there day to day life.,Uttarakhand (UK),Nainital,Awareness,14-05-2023,30,Mission Life,,Pt. Gobind Pant HAZ
49812,"?????? ??????, ??????? ????? ??? ????? ?? ????????? ???? ???? ?? ???????? ?????? ?????? ??? ????? ???? ??? ???????? ?? ???? ???????? ?????? ????? ????",Uttarakhand (UK),Nainital,Awareness,15-05-2023,30,Awareness,,Pt. Gobind Pant HAZ
55534,A group from Mumbai(Maharashtra) visited Nainital Zoo and were educated about Mission Life Initiative which aims to promote awareness among people of all age group and how one can contribute to sustainable lifestyle & also inspire other to be more environmentally conscious in their daily life.,Uttarakhand (UK),Nainital,Awareness,15-05-2023,18,Awareness Campaign,,Pt. Gobind Pant HAZ
50983,DISPLAYED MISSION LIFE MATERIALS FOR VISITORS AWARENEESS,Gujarat (GJ),Surat,Awareness,10-05-2023,15,DISPLAYED BANNERS,,Shyamaprasad Mukherjee ZG
51234,"ALL ZOO STAFF MEMBERS, PLEDGED TO MAKE CHANGES IN THER LIFE TO PROTECT WILD LIFE AS WELL AS ENVIRONMENT AND EXPLAINED ABOUT MISSION LIFE EVENT TO THEM .",Gujarat (GJ),Surat,Awareness,13-05-2023,30,PLEDGE,,Shyamaprasad Mukherjee ZG
51289,DISTRIBUTING BIRD NEST AMONG CHILDREN VISITED TO ZOO,Gujarat (GJ),Surat,Action & Awareness,15-05-2023,100,,,Shyamaprasad Mukherjee ZG
51424,"AWARENESS CAMPAING ON HOW TO SAVE ENVIRONMENT ,ENERGY DONE WITH VISITORS OF ZOO",Gujarat (GJ),Surat,Awareness,15-05-2023,70,,,Shyamaprasad Mukherjee ZG
57399,A guided zoo and botanical trail was conducted for the visitors. They were enlightened on the goals of this mission following which the visitors pledged their support and participation towards mission LiFE.,Maharashtra (MH),Mumbai City,Action & Awareness,15-05-2023,57,Guided Zoo and Botanical Garden Tour,Guided Zoo and Botanical Garden Tour,VJBB Udyan & Zoo
41799,"Awareness session was conducted on Illegal Wildlife Trade and threat to wildlife along the theme of ""Adopt healthy lifestyle"" . Also a signature campaign was initiated for visitors to take a pledge to adopt environmentally friendly habits",Karnataka (KA),Bangalore Rural,Action & Awareness,14-05-2023,700,Awareness and signature campaign,,Bannerghatta BP
57540,88 people have availed free entry to butterfly park as part of the Lifestyle for Environment campaign to promote more people to use public transport,Karnataka (KA),Bangalore Rural,Awareness,15-05-2023,88,,,Bannerghatta BP
32454,Today is Global Bird Day or Endemic Bird Day. We conduct a bird walk inside zoo premises make a checklist and upload in e- bird app.,Odisha (OD),Khordha,Awareness,13-05-2023,10,Bird Walk inside zoo premises,Global Bird Day 2023,Nandankanan ZP
37675,"Conducting a nature trail inside sanctuary area which covers Bird walk, tree walk, butterfly walk etc.",Odisha (OD),Khordha,Awareness,14-05-2023,20,Nature trail at Nandankanan,,Nandankanan ZP
60472,Preparation of naturalistic enrichments for captive animals.,Odisha (OD),Khordha,Awareness,16-05-2023,10,Naturalistic Enrichments,Naturalistic Enrichments for Captive Animals,Nandankanan ZP
62190,"As a part of sustainable Mission Lifestyle, a mass mobilization programme to promote awareness on the environment among children and visitors. Conducted snake snake awareness talk show in collaboration with Friends of Snakes Society, Hyderabad.",Telangana,Hyderabad,Awareness,07-05-2023,620,Awareness talk show,,Nehru ZP
61319,"As a part of the LIFE, 350 Tribal Welfare Department students participated with free zoo entry, in which pledge, PPT, short film on the MISSION LIFE. Students involved in tree hugging, plastic cleaning and we briefed about each animal, conducted talk shows on birds, wetland conservation and snakes.",Telangana,Hyderabad,Awareness,14-05-2023,330,Meri Life Pledge,,Nehru ZP
64808,"Environmental Awareness Lecture is delivered by Mrs. Suvarna Kawale Chute, Biologist and Education Officer to the Students from College of Agriculture, Nagpur. Points explained to them are : * Natural resource Conservation ( water, electricity, petrol) in day to day life.",Maharashtra (MH),Nagpur,Awareness,16-05-2023,60,Environmental awareness program,,Maharajbaug Zoo
69360,"?????? ??????, ??????? ????? ??? ????? ?? ????????? ???? ???? ?? ???????? ?????? ?????? ??? ????? ???? ??? ???????? ?? ???? ????????? ?????? ????? ???? ??? ???? ?????? ???????? ?? ??? ???? ???? ?? ??? ?? ????",Uttarakhand (UK),Nainital,Awareness,16-05-2023,207,Awareness,,Pt. Gobind Pant HAZ
69484,"?????? ??????, ??????? ????? ??? ????? ?? ????????? ???? ???? ?? ???????? ?????? ?????? ??? ????? ???? ??? ???????? ?? ???? ???????? ?????? ????? ????",Uttarakhand (UK),Nainital,Awareness,16-05-2023,21,Awareness,,Pt. Gobind Pant HAZ
71611,"Day 3 Mission LiFE campaign:
A guided zoo and botanical trail was conducted for the visitors.
For visitors we conducted a Paper Bag making workshop followed by mission LiFE pledged.",Maharashtra (MH),Mumbai City,Action & Awareness,16-05-2023,127,Guided Zoo Tour & Paper bag making workshop,Guided Zoo Tour & Paper bag making workshop,VJBB Udyan & Zoo
52701,Healthy lifestyle adopted: Cleaning and Maintenance in Zoo,Andhra Pradesh (AP),Vishakhapatnam,Action & Awareness,15-05-2023,50,Healthy life style adopted,,Indira Gandhi ZP
53005,Healthy lifestyle adopted: Cleaning and Maintenance in Zoo,Andhra Pradesh (AP),Vishakhapatnam,Action & Awareness,15-05-2023,60,Healthy lifestyle adopted,,Indira Gandhi ZP
66430,Healthy Life Style,Andhra Pradesh (AP),Vishakhapatnam,Action & Awareness,16-05-2023,110,Millets show,,Indira Gandhi ZP
66481,Reduce Single use plastic,Andhra Pradesh (AP),Vishakhapatnam,Action & Awareness,16-05-2023,90,Reduce Single use plastic,,Indira Gandhi ZP
66567,Rain water harvesting talk - Compost pit,Andhra Pradesh (AP),Vishakhapatnam,Action & Awareness,16-05-2023,85,Rain water harvesting talk,,Indira Gandhi ZP
66600,Awareness session on Butterfly Conservation and Ecosystem,Andhra Pradesh (AP),Vishakhapatnam,Action & Awareness,16-05-2023,70,Awareness session on Butterfly Conservation,,Indira Gandhi ZP
66625,Pledge and Rally,Andhra Pradesh (AP),Vishakhapatnam,Action & Awareness,16-05-2023,180,Pledge & Rally,,Indira Gandhi ZP
66765,Eco friendly Battery Operated Vehicles,Andhra Pradesh (AP),Vishakhapatnam,Action & Awareness,16-05-2023,890,Eco friendly BOV,,Indira Gandhi ZP
66833,Soil and Moisture conservation - Staff doing saucer work around trees and watering.,Andhra Pradesh (AP),Vishakhapatnam,Action & Awareness,16-05-2023,7,Staff doing saucer work around trees and watering.,,Indira Gandhi ZP
67336,Pledge by the Visitors of IGZP supporting Mission LiFE,Andhra Pradesh (AP),Vishakhapatnam,Action & Awareness,16-05-2023,85,Pledge by the Visitors,,Indira Gandhi ZP
67495,Plantation and Nursery Development,Andhra Pradesh (AP),Vishakhapatnam,Action & Awareness,16-05-2023,35,Plantation and Nursery Development,,Indira Gandhi ZP
67629,Awareness session on Biodiversity,Andhra Pradesh (AP),Vishakhapatnam,Action & Awareness,16-05-2023,90,Awareness session on Biodiversity,,Indira Gandhi ZP
67670,Awareness session on Energy Conservation at Elephant Enclosure,Andhra Pradesh (AP),Vishakhapatnam,Action & Awareness,16-05-2023,65,Awareness session on Energy Conservation,,Indira Gandhi ZP
67700,Pledge and Awareness session about Save Energy,Andhra Pradesh (AP),Vishakhapatnam,Action & Awareness,16-05-2023,80,Pledge and Awareness session about Save Energy,,Indira Gandhi ZP
67729,Awareness about Save water at Herbivore RO plant,Andhra Pradesh (AP),Vishakhapatnam,Action & Awareness,16-05-2023,55,Save water,,Indira Gandhi ZP
67808,Plant for Life- Conservation of flora information.,Andhra Pradesh (AP),Vishakhapatnam,Action & Awareness,16-05-2023,130,Plant for Life,,Indira Gandhi ZP
68162,Pledge for stray dogs and prevention to cruelty to animal welfare,Andhra Pradesh (AP),Vishakhapatnam,Action & Awareness,16-05-2023,85,Prevention to cruelty to animal welfare,,Indira Gandhi ZP
68435,Cleaning and maintenance of animal enclosures in IGZP,Andhra Pradesh (AP),Vishakhapatnam,Action & Awareness,16-05-2023,5,Cleaning,,Indira Gandhi ZP
68466,Awareness of healthy life and Sustainable development,Andhra Pradesh (AP),Vishakhapatnam,Action & Awareness,16-05-2023,70,Awareness of healthy life,,Indira Gandhi ZP
68557,Pledge and awareness session on Conservation of Nature and Wildlife,Andhra Pradesh (AP),Vishakhapatnam,Action & Awareness,16-05-2023,50,Pledge,,Indira Gandhi ZP
68733,Keepers talk at Primates enclosures,Andhra Pradesh (AP),Vishakhapatnam,Action & Awareness,16-05-2023,65,Keepers talk at Primates enclosures,,Indira Gandhi ZP
68917,Keepers talk at Giraffe enclosure,Andhra Pradesh (AP),Vishakhapatnam,Action & Awareness,16-05-2023,90,Keepers talk at Giraffe enclosure,,Indira Gandhi ZP
68942,Keepers talk at Bison enclosure,Andhra Pradesh (AP),Vishakhapatnam,Action & Awareness,16-05-2023,70,Keepers talk at Bison enclosure,,Indira Gandhi ZP
55587,"On Day 11 of the mass mobilization for #Mission LIFE, NZP was brimming with students' energy as they created artistic masks and made a joint commitment to forging a LIFE that is sustainable",Delhi (DL),South Delhi,Action & Awareness,15-05-2023,319,Activity and Demonstration,lecture cum Demonstration,National ZP
71308,"Poem & story telling for the LiFE movement at NZP in cooperation with NMNH India was the focus of Day 12 of the mass mobilization. With calming poems and stories, the students warmed the atmosphere while jointly pledging to join Mission LiFE.",Delhi (DL),South Delhi,Action & Awareness,16-05-2023,213,Activity and Demonstration,lecture cum Demonstration,National ZP
62547,"As a part of Mission Life and Bird Watching, a nature trail session was conducted in collaboration with New English School.",Maharashtra (MH),Nagpur,Awareness,16-05-2023,18,Bird Watching & Nature Trail,,BT Gorewada International ZP
60472,Preparation Of Naturalistic Enrichments For Captive Animals,Odisha (OD),Khordha,Action,,,,,Nandankanan ZP
84772,Dry Waste Collection From The Rajkot Zoo Premises For Compost Pit,Gujarat (GJ),Rajkot,Action & Awareness,15-05-2023,15,Dry Waste Collecton,,Rajkot ZP
85279,Mission LiFE Pledge By Rajkot Zoo Staff And Awareness Program.,Gujarat (GJ),Rajkot,Action & Awareness,17-05-2023,40,Missin Life Pledge for Staff,Awareness about Mission LiFE for Zoo Staff,Rajkot ZP
87399,Mission LiFE Awareness among Housekeeping Staff at Zoo,Maharashtra (MH),Mumbai City,Awareness,17-05-2023,31,Mission LiFE pledged by staff,,VJBB Udyan & Zoo
106847,Guided Zoo tour and Paper bag Making workshop,Maharashtra (MH),Mumbai City,Action & Awareness,18-05-2023,147,Guided Zoo tour and Paper bag making workshop,,VJBB Udyan & Zoo
74434,"Awareness Program For Wise Use Of Inorganic Substances/ Materials. Continued Ban Of Plastics Inside The Zoo, More Actions And Preventive Measures Were Adopted. Lifestyle For Environment With Issues Related To The Environment. Distribution Of Newly Launched Zoo Staff Uniform.",Nagaland (NL),Dimapur,Action & Awareness,16-05-2023,25,Missin Life Pledge for Staff,"Awareness program & Talk on wise use of plastics, plastic ban, dsitribution of staff Tee-Shirts.","Nagaland Zoological Park, Rangapahar"
106851,"A Workshop Was Organised On ""Reptile Husbandry, Handling, Upkeep And Veterinary"", To Promote Awareness About The Importance Of Reptiles In Ecosystem Among Stakeholders",West Bengal,Kolkata,Action & Awareness,18-05-2023,50,Different events of the day,Not uploaded,"Zoological Garden, Alipore"
124389,A Wastebin Painting Event Was Organised For School Students Along With An Awareness Drive For The Visitors About The Importance Of Reuse-Reduce-Recycle. The Students Participated In Both The Events And Helped In Creating Awareness Among Common People. The Mission Life Materials Were Diplayed.,West Bengal,Kolkata,Action & Awareness,19-05-2023,15,Different events of the day,Wastebin Painting,"Zoological Garden, Alipore"
123026,Signature Campaign - Around 700 Signatures,Karnataka (KA),Bangalore Rural,Action,17-05-2023,700,Signature campaign,,Bannerghatta Biological Park
122857,Signature Pledge - Around 1200 Signatures,Karnataka (KA),Bangalore Rural,Action,18-05-2023,1000,Signature campaign,,Bannerghatta Biological Park
122818,Signature Pledge - Around 800 Signatures,Karnataka (KA),Bangalore Rural,Action,19-05-2023,800,signature campaign,,Bannerghatta Biological Park
121564,"As Part Of The Adopt Healthy Lifestyle Campaign , From 5th May To 18th May, 211 Visitors Used Bicycles In The Zoo Premises.",Karnataka (KA),Bangalore Rural,Action,05-05-2023,211,"Adopt Healthy Lifestyle Campaign ,",,Bannerghatta Biological Park
68565,"Awareness Session- Display Of Composting Method And Vermicomposting : Students And Visitors Were Educated About Segregation Of Dry And Wet Waste At Homes, Use Of Agricultural Residue, Animal Waste For Composting And Manuring.",Karnataka (KA),Mysore,Awareness,13-05-2023,59,Reduce Waste -Vermicompost Unit,Visit to Vermicompost Unit,Sri Chamarajendra ZG
69468,"Awareness Session- Display Of Composting Method And Vermicomposting : An Interactive Education Session Was Conducted For College Students Who Visited Zoo. They Were Educated About Segregation Of Dry And Wet Waste At Homes, Use Of Agricultural Residue, Animal Waste For Composting And Manuring.",Karnataka (KA),Mysore,Awareness,14-05-2023,35,Reduce Waste -Vermicompost Unit,Visit to Vermicompost Unit,Sri Chamarajendra ZG
113256,"As A Part Of Sustainable Mission Lifestyle, A Mass Mobilization Program Was Conducted To Promote Awareness About Environment Among Zoo Visitors. Poster Making And Lifestyle For Environment Campaign Was Conducted To Educate Visitors About “Mission LiFE For Pro-Planet People”",Karnataka (KA),Mysore,Action & Awareness,13-05-2023,250,Poster Making and Campaign,Awareness Campaign,Sri Chamarajendra ZG
124319,"Day 2 Of Campaign - As Part Of “Mission LiFE For Pro-Planet People” Awareness Program, A Mass Mobilization Program Was Conducted To Promote Lifestyle For Environment Campaign And Visitors Were Educated About Sustainable Healthy Lifestyles Followed By Distribution Of Paper Bags To Public.",Karnataka (KA),Mysore,Action & Awareness,14-05-2023,200,Awareness Campaign and Paper Bag Distribution,Awareness Campaign and Paper Bag Distribution,Sri Chamarajendra ZG
125858,,Maharashtra (MH),Mumbai City,Action & Awareness,19-05-2023,168,Mature Trail and Workshop,,VJBB Udyan & Zoo
111111,1st day-16 vet interns were sensitized about Mission Life by Head Keeper & Edu Officer Kaushik Kashikar,Maharashtra (MH),Pune,Awareness,06-05-2023,16,Lecture and QA session,,"Rajiv Gandhi Zoo , Pune"
111112,"2nd day-15 vet interns were given more information about Mission Life and List of actions , especially the 75 points by Head Keeper and Edu Officer Kaushik Kashikar , They were briefed in detail for preparing posters and banners",Maharashtra (MH),Pune,Awareness,07-05-2023,15,Lecture and QA session and Drawing Painting,,"Rajiv Gandhi Zoo , Pune"
111113,16 Vet interns interacted with people and told them about Mission Life and it's nessecity,Maharashtra (MH),Pune,Awareness and interaction,08-05-2023,116,Public interaction,Awareness campaign,"Rajiv Gandhi Zoo , Pune"
111114,16 Vet interns interacted with people and told them about Mission Life and it's nessecity,Maharashtra (MH),Pune,Awareness and interaction,09-05-2023,106,Public interaction,Awareness campaign,"Rajiv Gandhi Zoo , Pune"
111115,16 Vet interns interacted with people and told them about Mission Life and it's nessecity,Maharashtra (MH),Pune,Awareness and interaction,11-05-2023,156,Public interaction,Awareness campaign,"Rajiv Gandhi Zoo , Pune"
111116,16 Vet interns interacted with people and told them about Mission Life and it's nessecity,Maharashtra (MH),Pune,Awareness and interaction,12-05-2023,116,Public interaction,Awareness campaign,"Rajiv Gandhi Zoo , Pune"
111117,"16 Vet interns interacted with people and told them about Mission Life and it's nessecity , Live demo and exhibition about recycling single use plastic by expert Prashant Dharne",Maharashtra (MH),Pune,Awareness and interaction,13-05-2023,516,Public interaction,Awareness campaign,"Rajiv Gandhi Zoo , Pune"
73149,Display Of Mission LiFE Information Videos On Ticket Counters Screens Of Rajgir Zoo Safari For Sensitizations Of Tourists.,Bihar (BR),Nalanda,Awareness,16-05-2023,634,Display of videos,Display of videos,"Rajgir Zoo Safari, Nalanda"
72260,Cleanliness Drive In Rajgir Wildlife Sanctuary Area By Staff Of Rajgir Zoo Safari.,Bihar (BR),Nalanda,Action,16-05-2023,50,Cleaness Drive,,"Rajgir Zoo Safari, Nalanda"
89792,LiFE Pledge Given To Tourists In 3D Theater Of Rajgir Zoo Safari On 17.05.2023.,Bihar (BR),Nalanda,Action & Awareness,17-05-2023,368,Sensitization and Pledge,Sensitization and Pledge,"Rajgir Zoo Safari, Nalanda"
90335,"Zoo Safari Visit By School Children And Sighting Of All Animals Housed In Rajgir Zoo Safari, Nalanda And Got Aware About Biodiversity Available In The Area.",Bihar (BR),Nalanda,Action & Awareness,17-05-2023,55,Biodiversitiy Awarness Campaign,Biodiversitiy Awarness Campaign,"Rajgir Zoo Safari, Nalanda"
89990,LiFE Awareness Videos Display At Ticket Counter Of Rajgir Zoo Safari.,Bihar (BR),Nalanda,Awareness,17-05-2023,548,Display of videos,Display of videos,"Rajgir Zoo Safari, Nalanda"
89948,Visit Of School Children To Vermi Compost Unit Of Rajgir Zoo Safari And Awareness About Waste Management And Organic Manuring.,Bihar (BR),Nalanda,Action & Awareness,17-05-2023,50,School Children visit to Vermi Compost,School Children visit to Vermi Compost,"Rajgir Zoo Safari, Nalanda"
89895,"Display Of LiFE Logo On Website, Booking Portal And E- Ticket Of Rajgir Zoo Safari",Bihar (BR),Nalanda,Action & Awareness,17-05-2023,0,logo on Website and tickets,,"Rajgir Zoo Safari, Nalanda"
89868,Pledge Taken By Tourists And School Children At Shapath Stambh At Rajgir Zoo Safari On 17.05.2023.,Bihar (BR),Nalanda,Action & Awareness,17-05-2023,50,Pledge,,"Rajgir Zoo Safari, Nalanda"
108101,Display Of Mission LiFE Information Videos At Safari Plaza's Orientation Room Of Rajgir Zoo Safari For Sensitizations Of Tourists.,Bihar (BR),Nalanda,Awareness,18-05-2023,416,Display of videos,Display of videos,"Rajgir Zoo Safari, Nalanda"
107912,Display Of Mission LiFE Information Videos On Ticket Counters Screens Of Rajgir Zoo Safari For Sensitizations Of Tourists.,Bihar (BR),Nalanda,Awareness,18-05-2023,66,Display of videos,Display of videos,"Rajgir Zoo Safari, Nalanda"
107830,Visit Of Tourists To Vermi Compost Unit Of Rajgir Zoo Safari And Awareness About Waste Management And Organic Manuring.,Bihar (BR),Nalanda,Action & Awareness,18-05-2023,34,Tourist visit to Vermi Compost,Tourist visit to Vermi Compost,"Rajgir Zoo Safari, Nalanda"
107725,Pledge Taken By Tourists At Shapath Stambh At Rajgir Zoo Safari On 18.05.2023.,Bihar (BR),Nalanda,Action & Awareness,18-05-2023,126,Pledge,Pledge,"Rajgir Zoo Safari, Nalanda"
107507,LiFE Pledge Given To Tourists In 3D Theatre Of Rajgir Zoo Safari On 18.05.2023.,Bihar (BR),Nalanda,Action & Awareness,18-05-2023,360,Sensitization and Pledge,Sensitization and Pledge,"Rajgir Zoo Safari, Nalanda"
111118,"16 Vet interns interacted with people and told them about Mission Life and it's nessecity , Live demo and exhibition about recycling single use plastic by expert Prashant Dharne",Maharashtra (MH),,Action & Awareness,14-05-2023,1500,Public interaction,Awareness campaign,"Rajiv Gandhi Zoo , Pune"
111119,16 Vet interns interacted with people and told them about Mission Life and it's nessecity,Maharashtra (MH),,Action & Awareness,15-05-2023,200,Public interaction,Awareness campaign,"Rajiv Gandhi Zoo , Pune"
111120,16 Vet interns interacted with people and told them about Mission Life and it's nessecity,Maharashtra (MH),,Action & Awareness,16-05-2023,200,Public interaction,Awareness campaign,"Rajiv Gandhi Zoo , Pune"
111121,16 Vet interns interacted with people and told them about Mission Life and it's nessecity,Maharashtra (MH),,Action & Awareness,18-05-2023,350,Public interaction,Awareness campaign,"Rajiv Gandhi Zoo , Pune"
111122,Zoo staff with Botanical survey of India staff interacted with people,Maharashtra (MH),,Action & Awareness,19-05-2023,750,Public interaction,Awareness campaign,"Rajiv Gandhi Zoo , Pune"
